JobFolder,JobName,Revision,ModifiedDate,Comments,Product,LogOnUser,Line,SetupName,TopBottom,PanelLength,PanelWidth,PanelThickness,ImportCad,ImportBom,Optimize,Datacheck
"\GOOGLE","50GTU4-lot 1--test4","02","2025/04/30 19:07:17","","MODEL1","TOUMI","Line6","Original setup","0","321","210","1.6","1","1","1","1",
LineName,OrderNum,ModelName,ModuleNumber,SideNo,SetupName,AVLNAME,AVL,PartNumber,FeederName,Status,Location,FeederID,PartNumberImage,PartShapeName,PackageName,PartComment,PMABAR,ChuteType,FeederType,TapeWidth,FeedPitch,PTPMNH,QTY,PMADC
"Line6","1","NXT6","1","0","Original setup","","","","","Variable","'01","11001","","","","","","","","","","","0","",
"Line6","1","NXT6","1","0","Original setup","","","","","Variable","'02","11002","","","","","","","","","","","0","",
"Line6","1","NXT6","1","0","Original setup","","","","","Variable","'03","11003","","","","","","","","","","","0","",
"Line6","1","NXT6","1","0","Original setup","","","","","Variable","'04","11004","","","","","","","","","","","0","",
"Line6","1","NXT6","1","0","Original setup","","","","","Variable","'05","11005","","","","","","","","","","","0","",
"Line6","1","NXT6","1","0","Original setup","","","","","Variable","'06","11006","","","","","","","","","","","0","",
"Line6","1","NXT6","1","0","Original setup","","","","","Variable","'07","11007","","","","","","","","","","","0","",
"Line6","1","NXT6","1","0","Original setup","","","","","Variable","'08","11008","","","","","","","","","","","0","",
"Line6","1","NXT6","1","0","Original setup","","","","","Variable","'09","11009","","","","","","","","","","","0","",
"Line6","1","NXT6","1","0","Original setup","","","","","Variable","'10","11010","","","","","","","","","","","0","",
"Line6","1","NXT6","1","0","Original setup","","","28-HF0016-MS01JR","KT-0800F-180","Variable","'11","11011","C:\Users\asus\Downloads\d10\50GTU4-lot 1--test4;02;Top;MODEL1;[Top] Line6;Original setup\Images\28-HF0016-MS01JR.bmp","C-0402","P0802","","","","Paper","8mm","2","0.49","28","0",
"Line6","1","NXT6","1","0","Original setup","","","19-GA1243-FTX01JR","KT-0800F-180","Variable","'12","11012","C:\Users\asus\Downloads\d10\50GTU4-lot 1--test4;02;Top;MODEL1;[Top] Line6;Original setup\Images\19-GA1243-FTX01JR.bmp","R-0402","P0802","","","","Paper","8mm","2","0.33","2","0",
"Line6","1","NXT6","1","0","Original setup","","","19-GA5360-FTX01JR","KT-0800F-180","Variable","'13","11013","C:\Users\asus\Downloads\d10\50GTU4-lot 1--test4;02;Top;MODEL1;[Top] Line6;Original setup\Images\19-GA5360-FTX01JR.bmp","R-0402","P0802","","","","Paper","8mm","2","0.33","2","0",
"Line6","1","NXT6","1","0","Original setup","","","28-BB0225-KS01JR","KT-0800F-180","Variable","'14","11014","C:\Users\asus\Downloads\d10\50GTU4-lot 1--test4;02;Top;MODEL1;[Top] Line6;Original setup\Images\28-BB0225-KS01JR.bmp","C-0805","E0804","","","","Emboss","8mm","4","0.87","2","0",
"Line6","1","NXT6","1","0","Original setup","","","28-HB0474-KS01JR","KT-0800F-180","Variable","'15","11015","C:\Users\asus\Downloads\d10\50GTU4-lot 1--test4;02;Top;MODEL1;[Top] Line6;Original setup\Images\28-HB0474-KS01JR.bmp","C-0402","P0802","","","","Paper","8mm","2","0.49","2","0",
"Line6","1","NXT6","1","0","Original setup","","","33-VHL227-JT01JR","KT-0800F-180","Variable","'16","11016","C:\Users\asus\Downloads\d10\50GTU4-lot 1--test4;02;Top;MODEL1;[Top] Line6;Original setup\Images\33-VHL227-JT01JR.bmp","C-0402","P0802","","","","Paper","8mm","2","0.49","2","0",
"Line6","1","NXT6","1","0","Original setup","","","33-VHL68X-JTXJR","KT-0800F-180","Variable","'17","11017","C:\Users\asus\Downloads\d10\50GTU4-lot 1--test4;02;Top;MODEL1;[Top] Line6;Original setup\Images\33-VHL68X-JTXJR.bmp","C-0402","P0802","","","","Paper","8mm","2","0.49","2","0",
"Line6","1","NXT6","1","0","Original setup","","","45-OS27M0-XYF01JR","KT-0800F-180","Variable","'18","11018","C:\Users\asus\Downloads\d10\50GTU4-lot 1--test4;02;Top;MODEL1;[Top] Line6;Original setup\Images\45-OS27M0-XYF01JR.bmp","QUARTS 3.1X2.4X0.7","E0804","","","","Emboss","8mm","4","0.7","2","0",
"Line6","1","NXT6","1","0","Original setup","","","13-PWLP32-20AB5FJR","KT-0800F-180","Variable","'19","11019","C:\Users\asus\Downloads\d10\50GTU4-lot 1--test4;02;Top;MODEL1;[Top] Line6;Original setup\Images\13-PWLP32-20AB5FJR.bmp","SOT23-5","E0804","","","","Emboss","8mm","4","1.25","2","0",
"Line6","1","NXT6","1","0","Original setup","","","19-GA0163-FTX01JR","KT-0800F-180","Variable","'20","11020","C:\Users\asus\Downloads\d10\50GTU4-lot 1--test4;02;Top;MODEL1;[Top] Line6;Original setup\Images\19-GA0163-FTX01JR.bmp","R-0402","P0802","","","","Paper","8mm","2","0.33","4","0",
"Line6","1","NXT6","1","0","Original setup","","","19-GA0560-JTX01JR","KT-0800F-180","Variable","'21","11021","C:\Users\asus\Downloads\d10\50GTU4-lot 1--test4;02;Top;MODEL1;[Top] Line6;Original setup\Images\19-GA0560-JTX01JR.bmp","R-0402","P0802","","","","Paper","8mm","2","0.33","48","0",
"Line6","1","NXT6","1","0","Original setup","","","19-GA0000-JTXJR","KT-0800F-180","Variable","'22","11022","C:\Users\asus\Downloads\d10\50GTU4-lot 1--test4;02;Top;MODEL1;[Top] Line6;Original setup\Images\19-GA0000-JTXJR.bmp","R-0402","P0802","","","","Paper","8mm","2","0.33","92","0",
"Line6","1","NXT6","1","0","Original setup","","","28-HC1003-KRX1JR","KT-0800F-180","Variable","'23","11023","C:\Users\asus\Downloads\d10\50GTU4-lot 1--test4;02;Top;MODEL1;[Top] Line6;Original setup\Images\28-HC1003-KRX1JR.bmp","C-0402","P0802","","","","Paper","8mm","2","0.49","264","0",
"Line6","1","NXT6","1","0","Original setup","","","19-GA0101-JTXJR","KT-0800F-180","Variable","'24","11024","C:\Users\asus\Downloads\d10\50GTU4-lot 1--test4;02;Top;MODEL1;[Top] Line6;Original setup\Images\19-GA0101-JTXJR.bmp","R-0402","P0802","","","","Paper","8mm","2","0.33","66","0",
"Line6","1","NXT6","1","0","Original setup","","","33-VLN102-NTXJR","KT-0800F-180","Variable","'25","11025","C:\Users\asus\Downloads\d10\50GTU4-lot 1--test4;02;Top;MODEL1;[Top] Line6;Original setup\Images\33-VLN102-NTXJR.bmp","C-0402","P0802","","","","Paper","8mm","2","0.49","4","0",
"Line6","1","NXT6","1","0","Original setup","","","13-SWSTI9-712000JR","KT-0800F-180","Variable","'26","11026","C:\Users\asus\Downloads\d10\50GTU4-lot 1--test4;02;Top;MODEL1;[Top] Line6;Original setup\Images\13-SWSTI9-712000JR.bmp","SOT23-5","E0804","","","","Emboss","8mm","4","1.25","2","0",
"Line6","1","NXT6","1","0","Original setup","","","13-VDJW53-72TSOTJR","KT-0800F-180","Variable","'27","11027","C:\Users\asus\Downloads\d10\50GTU4-lot 1--test4;02;Top;MODEL1;[Top] Line6;Original setup\Images\13-VDJW53-72TSOTJR.bmp","SOT23-6","E0804","","","","Emboss","8mm","4","1.1","2","0",
"Line6","1","NXT6","1","0","Original setup","","","19-GA0104-JTXJR","KT-0800F-180","Variable","'28","11028","C:\Users\asus\Downloads\d10\50GTU4-lot 1--test4;02;Top;MODEL1;[Top] Line6;Original setup\Images\19-GA0104-JTXJR.bmp","R-0402","P0802","","","","Paper","8mm","2","0.33","2","0",
"Line6","1","NXT6","1","0","Original setup","","","19-GA0123-FTXJR","KT-0800F-180","Variable","'29","11029","C:\Users\asus\Downloads\d10\50GTU4-lot 1--test4;02;Top;MODEL1;[Top] Line6;Original setup\Images\19-GA0123-FTXJR.bmp","R-0402","P0802","","","","Paper","8mm","2","0.33","2","0",
"Line6","1","NXT6","1","0","Original setup","","","19-GA0222-JTXJR","KT-0800F-180","Variable","'30","11030","C:\Users\asus\Downloads\d10\50GTU4-lot 1--test4;02;Top;MODEL1;[Top] Line6;Original setup\Images\19-GA0222-JTXJR.bmp","R-0402","P0802","","","","Paper","8mm","2","0.33","2","0",
"Line6","1","NXT6","1","0","Original setup","","","19-GA0243-FTX01JR","KT-0800F-180","Variable","'31","11031","C:\Users\asus\Downloads\d10\50GTU4-lot 1--test4;02;Top;MODEL1;[Top] Line6;Original setup\Images\19-GA0243-FTX01JR.bmp","R-0402","P0802","","","","Paper","8mm","2","0.33","2","0",
"Line6","1","NXT6","1","0","Original setup","","","19-GA0332-JTXJR","KT-0800F-180","Variable","'32","11032","C:\Users\asus\Downloads\d10\50GTU4-lot 1--test4;02;Top;MODEL1;[Top] Line6;Original setup\Images\19-GA0332-JTXJR.bmp","R-0402","P0802","","","","Paper","8mm","2","0.33","2","0",
"Line6","1","NXT6","1","0","Original setup","","","19-GA0363-FTX01JR","KT-0800F-180","Variable","'33","11033","C:\Users\asus\Downloads\d10\50GTU4-lot 1--test4;02;Top;MODEL1;[Top] Line6;Original setup\Images\19-GA0363-FTX01JR.bmp","R-0402","P0802","","","","Paper","8mm","2","0.33","2","0",
"Line6","1","NXT6","1","0","Original setup","","","19-GA0683-FTXJR","KT-0800F-180","Variable","'34","11034","C:\Users\asus\Downloads\d10\50GTU4-lot 1--test4;02;Top;MODEL1;[Top] Line6;Original setup\Images\19-GA0683-FTXJR.bmp","R-0402","P0802","","","","Paper","8mm","2","0.33","2","0",
"Line6","1","NXT6","1","0","Original setup","","","","","Variable","'35","11035","","","","","","","","","","","0","",
"Line6","1","NXT6","1","0","Original setup","","","","","Variable","'36","11036","","","","","","","","","","","0","",
"Line6","1","NXT6","1","0","Original setup","","","","","Variable","'37","11037","","","","","","","","","","","0","",
"Line6","1","NXT6","1","0","Original setup","","","","","Variable","'38","11038","","","","","","","","","","","0","",
"Line6","1","NXT6","1","0","Original setup","","","","","Variable","'39","11039","","","","","","","","","","","0","",
"Line6","1","NXT6","1","0","Original setup","","","","","Variable","'40","11040","","","","","","","","","","","0","",
"Line6","1","NXT6","1","0","Original setup","","","","","Variable","'41","11041","","","","","","","","","","","0","",
"Line6","1","NXT6","1","0","Original setup","","","","","Variable","'42","11042","","","","","","","","","","","0","",
"Line6","1","NXT6","1","0","Original setup","","","","","Variable","'43","11043","","","","","","","","","","","0","",
"Line6","1","NXT6","1","0","Original setup","","","","","Variable","'44","11044","","","","","","","","","","","0","",
"Line6","1","NXT6","1","0","Original setup","","","","","Variable","'45","11045","","","","","","","","","","","0","",
"Line6","1","NXT6","2","0","Original setup","","","","","Variable","'01","21001","","","","","","","","","","","0","",
"Line6","1","NXT6","2","0","Original setup","","","28-HD1004-KS01JR","KT-0800F-180","Variable","'02","21002","C:\Users\asus\Downloads\d10\50GTU4-lot 1--test4;02;Top;MODEL1;[Top] Line6;Original setup\Images\28-HD1004-KS01JR.bmp","C-0402","P0802","","","","Paper","8mm","2","0.49","2","0",
"Line6","1","NXT6","2","0","Original setup","","","28-HB0121-JCXJR","KT-0800F-180","Variable","'03","21003","C:\Users\asus\Downloads\d10\50GTU4-lot 1--test4;02;Top;MODEL1;[Top] Line6;Original setup\Images\28-HB0121-JCXJR.bmp","C-0402","P0802","","","","Paper","8mm","2","0.49","2","0",
"Line6","1","NXT6","2","0","Original setup","","","19-GA4993-FTX01JR","KT-0800F-180","Variable","'04","21004","C:\Users\asus\Downloads\d10\50GTU4-lot 1--test4;02;Top;MODEL1;[Top] Line6;Original setup\Images\19-GA4993-FTX01JR.bmp","R-0402","P0802","","","","Paper","8mm","2","0.33","2","0",
"Line6","1","NXT6","2","0","Original setup","","","19-GA2203-FTX01JR","KT-0800F-180","Variable","'05","21005","C:\Users\asus\Downloads\d10\50GTU4-lot 1--test4;02;Top;MODEL1;[Top] Line6;Original setup\Images\19-GA2203-FTX01JR.bmp","R-0402","P0802","","","","Paper","8mm","2","0.33","2","0",
"Line6","1","NXT6","2","0","Original setup","","","19-GA0750-JTXJR","KT-0800F-180","Variable","'06","21006","C:\Users\asus\Downloads\d10\50GTU4-lot 1--test4;02;Top;MODEL1;[Top] Line6;Original setup\Images\19-GA0750-JTXJR.bmp","R-0402","P0802","","","","Paper","8mm","2","0.33","2","0",
"Line6","1","NXT6","2","0","Original setup","","","19-GA0332-FTX01JR","KT-0800F-180","Variable","'07","21007","C:\Users\asus\Downloads\d10\50GTU4-lot 1--test4;02;Top;MODEL1;[Top] Line6;Original setup\Images\19-GA0332-FTX01JR.bmp","R-0402","P0802","","","","Paper","8mm","2","0.33","2","0",
"Line6","1","NXT6","2","0","Original setup","","","28-HB0152-KR01JR","KT-0800F-180","Variable","'08","21008","C:\Users\asus\Downloads\d10\50GTU4-lot 1--test4;02;Top;MODEL1;[Top] Line6;Original setup\Images\28-HB0152-KR01JR.bmp","C-0402","P0802","","","","Paper","8mm","2","0.49","2","0",
"Line6","1","NXT6","2","0","Original setup","","","28-HB0189-CC01JR","KT-0800F-180","Variable","'09","21009","C:\Users\asus\Downloads\d10\50GTU4-lot 1--test4;02;Top;MODEL1;[Top] Line6;Original setup\Images\28-HB0189-CC01JR.bmp","C-0402","P0802","","","","Paper","8mm","2","0.49","2","0",
"Line6","1","NXT6","2","0","Original setup","","","28-HB0120-JC01JR","KT-0800F-180","Variable","'10","21010","C:\Users\asus\Downloads\d10\50GTU4-lot 1--test4;02;Top;MODEL1;[Top] Line6;Original setup\Images\28-HB0120-JC01JR.bmp","C-0402","P0802","","","","Paper","8mm","2","0.49","4","0",
"Line6","1","NXT6","2","0","Original setup","","","33-ECL801-NT01JR","KT-0800F-180","Variable","'11","21011","C:\Users\asus\Downloads\d10\50GTU4-lot 1--test4;02;Top;MODEL1;[Top] Line6;Original setup\Images\33-ECL801-NT01JR.bmp","filtre LC4 0805 x 1.4","E0804","","","","Emboss","8mm","4","1.4","4","0",
"Line6","1","NXT6","2","0","Original setup","","","19-GA0913-FTX01JR","KT-0800F-180","Variable","'12","21012","C:\Users\asus\Downloads\d10\50GTU4-lot 1--test4;02;Top;MODEL1;[Top] Line6;Original setup\Images\19-GA0913-FTX01JR.bmp","R-0402","P0802","","","","Paper","8mm","2","0.33","4","0",
"Line6","1","NXT6","2","0","Original setup","","","19-GA0153-FTXJR","KT-0800F-180","Variable","'13","21013","C:\Users\asus\Downloads\d10\50GTU4-lot 1--test4;02;Top;MODEL1;[Top] Line6;Original setup\Images\19-GA0153-FTXJR.bmp","R-0402","P0802","","","","Paper","8mm","2","0.33","4","0",
"Line6","1","NXT6","2","0","Original setup","","","28-HB0471-KR01JR","KT-0800F-180","Variable","'14","21014","C:\Users\asus\Downloads\d10\50GTU4-lot 1--test4;02;Top;MODEL1;[Top] Line6;Original setup\Images\28-HB0471-KR01JR.bmp","C-0402","P0802","","","","Paper","8mm","2","0.49","6","0",
"Line6","1","NXT6","2","0","Original setup","","","28-HD0473-KRXJR","KT-0800F-180","Variable","'15","21015","C:\Users\asus\Downloads\d10\50GTU4-lot 1--test4;02;Top;MODEL1;[Top] Line6;Original setup\Images\28-HD0473-KRXJR.bmp","C-0402","P0802","","","","Paper","8mm","2","0.49","6","0",
"Line6","1","NXT6","2","0","Original setup","","","28-HC0105-KBXJR","KT-0800F-180","Variable","'16","21016","C:\Users\asus\Downloads\d10\50GTU4-lot 1--test4;02;Top;MODEL1;[Top] Line6;Original setup\Images\28-HC0105-KBXJR.bmp","C-0402","P0802","","","","Paper","8mm","2","0.49","6","0",
"Line6","1","NXT6","2","0","Original setup","","","28-HB0479-CC01JR","KT-0800F-180","Variable","'17","21017","C:\Users\asus\Downloads\d10\50GTU4-lot 1--test4;02;Top;MODEL1;[Top] Line6;Original setup\Images\28-HB0479-CC01JR.bmp","C-0402","P0802","","","","Paper","8mm","2","0.49","8","0",
"Line6","1","NXT6","2","0","Original setup","","","28-HB0103-KRXJR","KT-0800F-180","Variable","'18","21018","C:\Users\asus\Downloads\d10\50GTU4-lot 1--test4;02;Top;MODEL1;[Top] Line6;Original setup\Images\28-HB0103-KRXJR.bmp","C-0402","P0802","","","","Paper","8mm","2","0.49","10","0",
"Line6","1","NXT6","2","0","Original setup","","","28-HD1003-KR01JR","KT-0800F-180","Variable","'19","21019","C:\Users\asus\Downloads\d10\50GTU4-lot 1--test4;02;Top;MODEL1;[Top] Line6;Original setup\Images\28-HD1003-KR01JR.bmp","C-0402","P0802","","","","Paper","8mm","2","0.49","16","0",
"Line6","1","NXT6","2","0","Original setup","","","28-HB0100-JCX1JR","KT-0800F-180","Variable","'20","21020","C:\Users\asus\Downloads\d10\50GTU4-lot 1--test4;02;Top;MODEL1;[Top] Line6;Original setup\Images\28-HB0100-JCX1JR.bmp","C-0402","P0802","","","","Paper","8mm","2","0.49","12","0",
"Line6","1","NXT6","2","0","Original setup","","","19-GA0103-FTX1JR","KT-0800F-180","Variable","'21","21021","C:\Users\asus\Downloads\d10\50GTU4-lot 1--test4;02;Top;MODEL1;[Top] Line6;Original setup\Images\19-GA0103-FTX1JR.bmp","R-0402","P0802","","","","Paper","8mm","2","0.33","22","0",
"Line6","1","NXT6","2","0","Original setup","","","19-GA0229-JTX1JR","KT-0800F-180","Variable","'22","21022","C:\Users\asus\Downloads\d10\50GTU4-lot 1--test4;02;Top;MODEL1;[Top] Line6;Original setup\Images\19-GA0229-JTX1JR.bmp","R-0402","P0802","","","","Paper","8mm","2","0.33","64","0",
"Line6","1","NXT6","2","0","Original setup","","","19-GA0103-JTXJR","KT-0800F-180","Variable","'23","21023","C:\Users\asus\Downloads\d10\50GTU4-lot 1--test4;02;Top;MODEL1;[Top] Line6;Original setup\Images\19-GA0103-JTXJR.bmp","R-0402","P0802","","","","Paper","8mm","2","0.33","116","0",
"Line6","1","NXT6","2","0","Original setup","","","19-GA0220-JTXJR","KT-0800F-180","Variable","'24","21024","C:\Users\asus\Downloads\d10\50GTU4-lot 1--test4;02;Top;MODEL1;[Top] Line6;Original setup\Images\19-GA0220-JTXJR.bmp","R-0402","P0802","","","","Paper","8mm","2","0.33","54","0",
"Line6","1","NXT6","2","0","Original setup","","","28-HF0225-MBAJR","KT-0800F-180","Variable","'25","21025","C:\Users\asus\Downloads\d10\50GTU4-lot 1--test4;02;Top;MODEL1;[Top] Line6;Original setup\Images\28-HF0225-MBAJR.bmp","C-0402","P0802","","","","Paper","8mm","2","0.49","14","0",
"Line6","1","NXT6","2","0","Original setup","","","28-HB0330-JCX1JR","KT-0800F-180","Variable","'26","21026","C:\Users\asus\Downloads\d10\50GTU4-lot 1--test4;02;Top;MODEL1;[Top] Line6;Original setup\Images\28-HB0330-JCX1JR.bmp","C-0402","P0802","","","","Paper","8mm","2","0.49","12","0",
"Line6","1","NXT6","2","0","Original setup","","","28-HB1003-MSX1JR","KT-0800F-180","Variable","'27","21027","C:\Users\asus\Downloads\d10\50GTU4-lot 1--test4;02;Top;MODEL1;[Top] Line6;Original setup\Images\28-HB1003-MSX1JR.bmp","C-0402","P0802","","","","Paper","8mm","2","0.49","10","0",
"Line6","1","NXT6","2","0","Original setup","","","28-HF0475-MSX1JR","KT-0800F-180","Variable","'28","21028","C:\Users\asus\Downloads\d10\50GTU4-lot 1--test4;02;Top;MODEL1;[Top] Line6;Original setup\Images\28-HF0475-MSX1JR.bmp","C-0402","P0802","","","","Paper","8mm","2","0.49","10","0",
"Line6","1","NXT6","2","0","Original setup","","","28-HB0101-JCXJR","KT-0800F-180","Variable","'29","21029","C:\Users\asus\Downloads\d10\50GTU4-lot 1--test4;02;Top;MODEL1;[Top] Line6;Original setup\Images\28-HB0101-JCXJR.bmp","C-0402","P0802","","","","Paper","8mm","2","0.49","8","0",
"Line6","1","NXT6","2","0","Original setup","","","12-PMH0MT-34070JR","KT-0800F-180","Variable","'30","21030","C:\Users\asus\Downloads\d10\50GTU4-lot 1--test4;02;Top;MODEL1;[Top] Line6;Original setup\Images\12-PMH0MT-34070JR.bmp","SOT-23","E0804","","","","Emboss","8mm","4","1.15","6","0",
"Line6","1","NXT6","2","0","Original setup","","","28-HB0220-JCX1JR","KT-0800F-180","Variable","'31","21031","C:\Users\asus\Downloads\d10\50GTU4-lot 1--test4;02;Top;MODEL1;[Top] Line6;Original setup\Images\28-HB0220-JCX1JR.bmp","C-0402","P0802","","","","Paper","8mm","2","0.49","6","0",
"Line6","1","NXT6","2","0","Original setup","","","28-HC0223-KRX1JR","KT-0800F-180","Variable","'32","21032","C:\Users\asus\Downloads\d10\50GTU4-lot 1--test4;02;Top;MODEL1;[Top] Line6;Original setup\Images\28-HC0223-KRX1JR.bmp","C-0402","P0802","","","","Paper","8mm","2","0.49","6","0",
"Line6","1","NXT6","2","0","Original setup","","","12-NMLWM0-2N31MJR","KT-0800F-180","Variable","'33","21033","C:\Users\asus\Downloads\d10\50GTU4-lot 1--test4;02;Top;MODEL1;[Top] Line6;Original setup\Images\12-NMLWM0-2N31MJR.bmp","SOT-23","E0804","","","","Emboss","8mm","4","1.15","4","0",
"Line6","1","NXT6","2","0","Original setup","","","19-GA0203-JTXJR","KT-0800F-180","Variable","'34","21034","C:\Users\asus\Downloads\d10\50GTU4-lot 1--test4;02;Top;MODEL1;[Top] Line6;Original setup\Images\19-GA0203-JTXJR.bmp","R-0402","P0802","","","","Paper","8mm","2","0.33","4","0",
"Line6","1","NXT6","2","0","Original setup","","","19-GA0122-JTX1JR","KT-0800F-180","Variable","'35","21035","C:\Users\asus\Downloads\d10\50GTU4-lot 1--test4;02;Top;MODEL1;[Top] Line6;Original setup\Images\19-GA0122-JTX1JR.bmp","R-0402","P0802","","","","Paper","8mm","2","0.33","4","0",
"Line6","1","NXT6","2","0","Original setup","","","19-GA0123-JTXJR","KT-0800F-180","Variable","'36","21036","C:\Users\asus\Downloads\d10\50GTU4-lot 1--test4;02;Top;MODEL1;[Top] Line6;Original setup\Images\19-GA0123-JTXJR.bmp","R-0402","P0802","","","","Paper","8mm","2","0.33","4","0",
"Line6","1","NXT6","2","0","Original setup","","","28-HB0820-JC01JR","KT-0800F-180","Variable","'37","21037","C:\Users\asus\Downloads\d10\50GTU4-lot 1--test4;02;Top;MODEL1;[Top] Line6;Original setup\Images\28-HB0820-JC01JR.bmp","C-0402","P0802","","","","Paper","8mm","2","0.49","2","0",
"Line6","1","NXT6","2","0","Original setup","","","19-GA0153-JTX1JR","KT-0800F-180","Variable","'38","21038","C:\Users\asus\Downloads\d10\50GTU4-lot 1--test4;02;Top;MODEL1;[Top] Line6;Original setup\Images\19-GA0153-JTX1JR.bmp","R-0402","P0802","","","","Paper","8mm","2","0.33","2","0",
"Line6","1","NXT6","2","0","Original setup","","","33-PTL229-MT01JR","KT-0800F-180","Variable","'39","21039","C:\Users\asus\Downloads\d10\50GTU4-lot 1--test4;02;Top;MODEL1;[Top] Line6;Original setup\Images\33-PTL229-MT01JR.bmp","L-3X3X1.2","E0804","","","","Emboss","8mm","4","1.2","2","0",
"Line6","1","NXT6","2","0","Original setup","","","33-VHL188-JTXJR","KT-0800F-180","Variable","'40","21040","C:\Users\asus\Downloads\d10\50GTU4-lot 1--test4;02;Top;MODEL1;[Top] Line6;Original setup\Images\33-VHL188-JTXJR.bmp","C-0402","P0802","","","","Paper","8mm","2","0.49","2","0",
"Line6","1","NXT6","2","0","Original setup","","","33-VHL397-JTXJR","KT-0800F-180","Variable","'41","21041","C:\Users\asus\Downloads\d10\50GTU4-lot 1--test4;02;Top;MODEL1;[Top] Line6;Original setup\Images\33-VHL397-JTXJR.bmp","C-0402","P0802","","","","Paper","8mm","2","0.49","2","0",
"Line6","1","NXT6","2","0","Original setup","","","45-OS16M0-XYF01JR","KT-0800F-180","Variable","'42","21042","C:\Users\asus\Downloads\d10\50GTU4-lot 1--test4;02;Top;MODEL1;[Top] Line6;Original setup\Images\45-OS16M0-XYF01JR.bmp","QUARTS 3.1X2.4X0.7","E0804","","","","Emboss","8mm","4","0.7","2","0",
"Line6","1","NXT6","2","0","Original setup","","","45-OS24M0-XYF02JR","KT-0800F-180","Variable","'43","21043","C:\Users\asus\Downloads\d10\50GTU4-lot 1--test4;02;Top;MODEL1;[Top] Line6;Original setup\Images\45-OS24M0-XYF02JR.bmp","QUARTS 3.1X2.4X0.7","E0804","","","","Emboss","8mm","4","0.7","2","0",
"Line6","1","NXT6","2","0","Original setup","","","","","Variable","'44","21044","","","","","","","","","","","0","",
"Line6","1","NXT6","2","0","Original setup","","","","","Variable","'45","21045","","","","","","","","","","","0","",
"Line6","1","NXT6","3","0","Original setup","","","33-VHL33A-ST01JR","KT-0800F-180","Variable","'01","31001","C:\Users\asus\Downloads\d10\50GTU4-lot 1--test4;02;Top;MODEL1;[Top] Line6;Original setup\Images\33-VHL33A-ST01JR.bmp","C-0402","P0802","","","","Paper","8mm","2","0.49","2","0",
"Line6","1","NXT6","3","0","Original setup","","","33-VHL277-JTXJR","KT-0800F-180","Variable","'02","31002","C:\Users\asus\Downloads\d10\50GTU4-lot 1--test4;02;Top;MODEL1;[Top] Line6;Original setup\Images\33-VHL277-JTXJR.bmp","C-0402","P0802","","","","Paper","8mm","2","0.49","2","0",
"Line6","1","NXT6","3","0","Original setup","","","28-HB0059-BC01JR","KT-0800F-180","Variable","'03","31003","C:\Users\asus\Downloads\d10\50GTU4-lot 1--test4;02;Top;MODEL1;[Top] Line6;Original setup\Images\28-HB0059-BC01JR.bmp","C-0402","P0802","","","","Paper","8mm","2","0.49","2","0",
"Line6","1","NXT6","3","0","Original setup","","","28-AC0225-MS01JR","KT-0800F-180","Variable","'04","31004","C:\Users\asus\Downloads\d10\50GTU4-lot 1--test4;02;Top;MODEL1;[Top] Line6;Original setup\Images\28-AC0225-MS01JR.bmp","C-0603","E0804","","","","Emboss","8mm","4","0.67","2","0",
"Line6","1","NXT6","3","0","Original setup","","","19-GA0622-FTX01JR","KT-0800F-180","Variable","'05","31005","C:\Users\asus\Downloads\d10\50GTU4-lot 1--test4;02;Top;MODEL1;[Top] Line6;Original setup\Images\19-GA0622-FTX01JR.bmp","R-0402","P0802","","","","Paper","8mm","2","0.33","2","0",
"Line6","1","NXT6","3","0","Original setup","","","19-AB0204-FTXJR","KT-0800F-180","Variable","'06","31006","C:\Users\asus\Downloads\d10\50GTU4-lot 1--test4;02;Top;MODEL1;[Top] Line6;Original setup\Images\19-AB0204-FTXJR.bmp","R-0603","P0804","","","","Paper","8mm","4","0.49","2","0",
"Line6","1","NXT6","3","0","Original setup","","","28-HB0300-JCX1JR","KT-0800F-180","Variable","'07","31007","C:\Users\asus\Downloads\d10\50GTU4-lot 1--test4;02;Top;MODEL1;[Top] Line6;Original setup\Images\28-HB0300-JCX1JR.bmp","C-0402","P0802","","","","Paper","8mm","2","0.49","4","0",
"Line6","1","NXT6","3","0","Original setup","","","28-HB0150-JCX1JR","KT-0800F-180","Variable","'08","31008","C:\Users\asus\Downloads\d10\50GTU4-lot 1--test4;02;Top;MODEL1;[Top] Line6;Original setup\Images\28-HB0150-JCX1JR.bmp","C-0402","P0802","","","","Paper","8mm","2","0.49","4","0",
"Line6","1","NXT6","3","0","Original setup","","","19-GA0333-JTX01JR","KT-0800F-180","Variable","'09","31009","C:\Users\asus\Downloads\d10\50GTU4-lot 1--test4;02;Top;MODEL1;[Top] Line6;Original setup\Images\19-GA0333-JTX01JR.bmp","R-0402","P0802","","","","Paper","8mm","2","0.33","4","0",
"Line6","1","NXT6","3","0","Original setup","","","28-HB0331-KRXJR","KT-0800F-180","Variable","'10","31010","C:\Users\asus\Downloads\d10\50GTU4-lot 1--test4;02;Top;MODEL1;[Top] Line6;Original setup\Images\28-HB0331-KRXJR.bmp","C-0402","P0802","","","","Paper","8mm","2","0.49","4","0",
"Line6","1","NXT6","3","0","Original setup","","","19-GA0432-FTX01JR","KT-0800F-180","Variable","'11","31011","C:\Users\asus\Downloads\d10\50GTU4-lot 1--test4;02;Top;MODEL1;[Top] Line6;Original setup\Images\19-GA0432-FTX01JR.bmp","R-0402","P0802","","","","Paper","8mm","2","0.33","4","0",
"Line6","1","NXT6","3","0","Original setup","","","19-GA0471-JTXJR","KT-0800F-180","Variable","'12","31012","C:\Users\asus\Downloads\d10\50GTU4-lot 1--test4;02;Top;MODEL1;[Top] Line6;Original setup\Images\19-GA0471-JTXJR.bmp","R-0402","P0802","","","","Paper","8mm","2","0.33","4","0",
"Line6","1","NXT6","3","0","Original setup","","","19-GA0510-JTX01JR","KT-0800F-180","Variable","'13","31013","C:\Users\asus\Downloads\d10\50GTU4-lot 1--test4;02;Top;MODEL1;[Top] Line6;Original setup\Images\19-GA0510-JTX01JR.bmp","R-0402","P0802","","","","Paper","8mm","2","0.33","4","0",
"Line6","1","NXT6","3","0","Original setup","","","09-ESD5V0-J1B15PJR","KT-0800F-180","Variable","'14","31014","C:\Users\asus\Downloads\d10\50GTU4-lot 1--test4;02;Top;MODEL1;[Top] Line6;Original setup\Images\09-ESD5V0-J1B15PJR.bmp","R-0402","P0802","","","","Paper","8mm","2","0.33","8","0",
"Line6","1","NXT6","3","0","Original setup","","","28-AB2203-KR01JR","KT-0800F-180","Variable","'15","31015","C:\Users\asus\Downloads\d10\50GTU4-lot 1--test4;02;Top;MODEL1;[Top] Line6;Original setup\Images\28-AB2203-KR01JR.bmp","C-0603","E0804","","","","Emboss","8mm","4","0.67","8","0",
"Line6","1","NXT6","3","0","Original setup","","","19-GA0470-JTX01JR","KT-0800F-180","Variable","'16","31016","C:\Users\asus\Downloads\d10\50GTU4-lot 1--test4;02;Top;MODEL1;[Top] Line6;Original setup\Images\19-GA0470-JTX01JR.bmp","R-0402","P0802","","","","Paper","8mm","2","0.33","8","0",
"Line6","1","NXT6","3","0","Original setup","","","23-G08000-JB01JR","KT-0800F-180","Variable","'17","31017","C:\Users\asus\Downloads\d10\50GTU4-lot 1--test4;02;Top;MODEL1;[Top] Line6;Original setup\Images\23-G08000-JB01JR.bmp","RA-0402","P0802","","","","Paper","8mm","2","0.57","8","0",
"Line6","1","NXT6","3","0","Original setup","","","28-BD0684-KR01JR","KT-0800F-180","Variable","'18","31018","C:\Users\asus\Downloads\d10\50GTU4-lot 1--test4;02;Top;MODEL1;[Top] Line6;Original setup\Images\28-BD0684-KR01JR.bmp","C-0805","E0804","","","","Emboss","8mm","4","0.87","8","0",
"Line6","1","NXT6","3","0","Original setup","","","33-ELN121-60N1JR","KT-0800F-180","Variable","'19","31019","C:\Users\asus\Downloads\d10\50GTU4-lot 1--test4;02;Top;MODEL1;[Top] Line6;Original setup\Images\33-ELN121-60N1JR.bmp","C-0805","E0804","","","","Emboss","8mm","4","0.87","10","0",
"Line6","1","NXT6","3","0","Original setup","","","19-GA0102-FTXJR","KT-0800F-180","Variable","'20","31020","C:\Users\asus\Downloads\d10\50GTU4-lot 1--test4;02;Top;MODEL1;[Top] Line6;Original setup\Images\19-GA0102-FTXJR.bmp","R-0402","P0802","","","","Paper","8mm","2","0.33","20","0",
"Line6","1","NXT6","3","0","Original setup","","","19-GA0102-JTXJR","KT-0800F-180","Variable","'21","31021","C:\Users\asus\Downloads\d10\50GTU4-lot 1--test4;02;Top;MODEL1;[Top] Line6;Original setup\Images\19-GA0102-JTXJR.bmp","R-0402","P0802","","","","Paper","8mm","2","0.33","28","0",
"Line6","1","NXT6","3","0","Original setup","","","09-ESD5V0-J1B0P3JR","KT-0800F-180","Variable","'22","31022","C:\Users\asus\Downloads\d10\50GTU4-lot 1--test4;02;Top;MODEL1;[Top] Line6;Original setup\Images\09-ESD5V0-J1B0P3JR.bmp","R-0402","P0802","","","","Paper","8mm","2","0.33","50","0",
"Line6","1","NXT6","3","0","Original setup","","","28-AF0106-MS01JR","KT-0800F-180","Variable","'23","31023","C:\Users\asus\Downloads\d10\50GTU4-lot 1--test4;02;Top;MODEL1;[Top] Line6;Original setup\Images\28-AF0106-MS01JR.bmp","C-0603","E0804","","","","Emboss","8mm","4","0.67","90","0",
"Line6","1","NXT6","3","0","Original setup","","","19-GA0472-JTXJR","KT-0800F-180","Variable","'24","31024","C:\Users\asus\Downloads\d10\50GTU4-lot 1--test4;02;Top;MODEL1;[Top] Line6;Original setup\Images\19-GA0472-JTXJR.bmp","R-0402","P0802","","","","Paper","8mm","2","0.33","30","0",
"Line6","1","NXT6","3","0","Original setup","","","19-GA0473-JTXJR","KT-0800F-180","Variable","'25","31025","C:\Users\asus\Downloads\d10\50GTU4-lot 1--test4;02;Top;MODEL1;[Top] Line6;Original setup\Images\19-GA0473-JTXJR.bmp","R-0402","P0802","","","","Paper","8mm","2","0.33","22","0",
"Line6","1","NXT6","3","0","Original setup","","","19-GA0330-FTX01JR","KT-0800F-180","Variable","'26","31026","C:\Users\asus\Downloads\d10\50GTU4-lot 1--test4;02;Top;MODEL1;[Top] Line6;Original setup\Images\19-GA0330-FTX01JR.bmp","R-0402","P0802","","","","Paper","8mm","2","0.33","14","0",
"Line6","1","NXT6","3","0","Original setup","","","19-GA0182-JTXJR","KT-0800F-180","Variable","'27","31027","C:\Users\asus\Downloads\d10\50GTU4-lot 1--test4;02;Top;MODEL1;[Top] Line6;Original setup\Images\19-GA0182-JTXJR.bmp","R-0402","P0802","","","","Paper","8mm","2","0.33","10","0",
"Line6","1","NXT6","3","0","Original setup","","","19-GA0101-FTXJR","KT-0800F-180","Variable","'28","31028","C:\Users\asus\Downloads\d10\50GTU4-lot 1--test4;02;Top;MODEL1;[Top] Line6;Original setup\Images\19-GA0101-FTXJR.bmp","R-0402","P0802","","","","Paper","8mm","2","0.33","8","0",
"Line6","1","NXT6","3","0","Original setup","","","19-GA0104-FTXJR","KT-0800F-180","Variable","'29","31029","C:\Users\asus\Downloads\d10\50GTU4-lot 1--test4;02;Top;MODEL1;[Top] Line6;Original setup\Images\19-GA0104-FTXJR.bmp","R-0402","P0802","","","","Paper","8mm","2","0.33","8","0",
"Line6","1","NXT6","3","0","Original setup","","","19-GA0133-FTX01JR","KT-0800F-180","Variable","'30","31030","C:\Users\asus\Downloads\d10\50GTU4-lot 1--test4;02;Top;MODEL1;[Top] Line6;Original setup\Images\19-GA0133-FTX01JR.bmp","R-0402","P0802","","","","Paper","8mm","2","0.33","8","0",
"Line6","1","NXT6","3","0","Original setup","","","19-GA0241-FTX1JR","KT-0800F-180","Variable","'31","31031","C:\Users\asus\Downloads\d10\50GTU4-lot 1--test4;02;Top;MODEL1;[Top] Line6;Original setup\Images\19-GA0241-FTX1JR.bmp","R-0402","P0802","","","","Paper","8mm","2","0.33","8","0",
"Line6","1","NXT6","3","0","Original setup","","","19-GA0820-JTX01JR","KT-0800F-180","Variable","'32","31032","C:\Users\asus\Downloads\d10\50GTU4-lot 1--test4;02;Top;MODEL1;[Top] Line6;Original setup\Images\19-GA0820-JTX01JR.bmp","R-0402","P0802","","","","Paper","8mm","2","0.33","6","0",
"Line6","1","NXT6","3","0","Original setup","","","28-HB0390-JCX1JR","KT-0800F-180","Variable","'33","31033","C:\Users\asus\Downloads\d10\50GTU4-lot 1--test4;02;Top;MODEL1;[Top] Line6;Original setup\Images\28-HB0390-JCX1JR.bmp","C-0402","P0802","","","","Paper","8mm","2","0.49","4","0",
"Line6","1","NXT6","3","0","Original setup","","","19-GA1203-JTX01JR","KT-0800F-180","Variable","'34","31034","C:\Users\asus\Downloads\d10\50GTU4-lot 1--test4;02;Top;MODEL1;[Top] Line6;Original setup\Images\19-GA1203-JTX01JR.bmp","R-0402","P0802","","","","Paper","8mm","2","0.33","4","0",
"Line6","1","NXT6","3","0","Original setup","","","33-KLN121-NT01JR","KT-0800F-180","Variable","'35","31035","C:\Users\asus\Downloads\d10\50GTU4-lot 1--test4;02;Top;MODEL1;[Top] Line6;Original setup\Images\33-KLN121-NT01JR.bmp","C-0603","E0804","","","","Emboss","8mm","4","0.67","4","0",
"Line6","1","NXT6","3","0","Original setup","","","33-VLN102-NTAJR","KT-0800F-180","Variable","'36","31036","C:\Users\asus\Downloads\d10\50GTU4-lot 1--test4;02;Top;MODEL1;[Top] Line6;Original setup\Images\33-VLN102-NTAJR.bmp","C-0402","P0802","","","","Paper","8mm","2","0.49","4","0",
"Line6","1","NXT6","3","0","Original setup","","","19-CD0000-JTX1JR","KT-0800F-180","Variable","'37","31037","C:\Users\asus\Downloads\d10\50GTU4-lot 1--test4;02;Top;MODEL1;[Top] Line6;Original setup\Images\19-CD0000-JTX1JR.bmp","R-1206","P0804","","","","Paper","8mm","4","0.57","8","0",
"Line6","1","NXT6","3","0","Original setup","","","13-VDKP52-3201ALJR","KT-0800F-180","Variable","'38","31038","C:\Users\asus\Downloads\d10\50GTU4-lot 1--test4;02;Top;MODEL1;[Top] Line6;Original setup\Images\13-VDKP52-3201ALJR.bmp","SOT23-6","E0804","","","","Emboss","8mm","4","1.1","6","0",
"Line6","1","NXT6","3","0","Original setup","","","19-GA0303-FTX1JR","KT-0800F-180","Variable","'39","31039","C:\Users\asus\Downloads\d10\50GTU4-lot 1--test4;02;Top;MODEL1;[Top] Line6;Original setup\Images\19-GA0303-FTX1JR.bmp","R-0402","P0802","","","","Paper","8mm","2","0.33","2","0",
"Line6","1","NXT6","3","0","Original setup","","","13-VDAF62-1925C0JR","KT-0800F-180","Variable","'40","31040","C:\Users\asus\Downloads\d10\50GTU4-lot 1--test4;02;Top;MODEL1;[Top] Line6;Original setup\Images\13-VDAF62-1925C0JR.bmp","SOT23-5","E0804","","","","Emboss","8mm","4","1.25","2","0",
"Line6","1","NXT6","3","0","Original setup","","","13-SWJW52-60STBJR","KT-0800F-180","Variable","'41","31041","C:\Users\asus\Downloads\d10\50GTU4-lot 1--test4;02;Top;MODEL1;[Top] Line6;Original setup\Images\13-SWJW52-60STBJR.bmp","SOT23-6","E0804","","","","Emboss","8mm","4","1.1","2","0",
"Line6","1","NXT6","3","0","Original setup","","","13-ESWS05-4R2P00JR","KT-0800F-180","Variable","'42","31042","C:\Users\asus\Downloads\d10\50GTU4-lot 1--test4;02;Top;MODEL1;[Top] Line6;Original setup\Images\13-ESWS05-4R2P00JR.bmp","DFN2510 P10","P0804","","","","Paper","8mm","4","0.57","2","0",
"Line6","1","NXT6","3","0","Original setup","","","28-HB0470-JCX1JR","KT-0800F-180","Variable","'43","31043","C:\Users\asus\Downloads\d10\50GTU4-lot 1--test4;02;Top;MODEL1;[Top] Line6;Original setup\Images\28-HB0470-JCX1JR.bmp","C-0402","P0802","","","","Paper","8mm","2","0.49","2","0",
"Line6","1","NXT6","3","0","Original setup","","","28-HB0682-KRXJR","KT-0800F-180","Variable","'44","31044","C:\Users\asus\Downloads\d10\50GTU4-lot 1--test4;02;Top;MODEL1;[Top] Line6;Original setup\Images\28-HB0682-KRXJR.bmp","C-0402","P0802","","","","Paper","8mm","2","0.49","2","0",
"Line6","1","NXT6","3","0","Original setup","","","09-ATBAV9-90000JR","KT-0800F-180","Variable","'45","31045","C:\Users\asus\Downloads\d10\50GTU4-lot 1--test4;02;Top;MODEL1;[Top] Line6;Original setup\Images\09-ATBAV9-90000JR.bmp","SOT-23","E0804","","","","Emboss","8mm","4","1.15","2","0",
"Line6","1","NXT6","4","0","Original setup","","","","","Variable","'01","41001","","","","","","","","","","","0","",
"Line6","1","NXT6","4","0","Original setup","","","","","Variable","'02","41002","","","","","","","","","","","0","",
"Line6","1","NXT6","4","0","Original setup","","","33-NLL150-MTX83JR","KT-1600F-380","Variable","'03","41003","C:\Users\asus\Downloads\d10\50GTU4-lot 1--test4;02;Top;MODEL1;[Top] Line6;Original setup\Images\33-NLL150-MTX83JR.bmp","L-6X6X4.5","E1608","","","","Emboss","16mm","8","4.5","8","0",
"Line6","1","NXT6","4","0","Original setup","","","","","Variable","'04","41004","","","","","","","","","","","0","",
"Line6","1","NXT6","4","0","Original setup","","","","","Variable","'05","41005","","","","","","","","","","","0","",
"Line6","1","NXT6","4","0","Original setup","","","","","Variable","'06","41006","","","","","","","","","","","0","",
"Line6","1","NXT6","4","0","Original setup","","","46-WP200W-D05S0JR","KT-2400-380","Variable","'07","41007","C:\Users\asus\Downloads\d10\50GTU4-lot 1--test4;02;Top;MODEL1;[Top] Line6;Original setup\Images\46-WP200W-D05S0JR.bmp","CON-CLV","E2416","","","","Emboss","24mm","16","8","2","0",
"Line6","1","NXT6","4","0","Original setup","","","","","Variable","'08","41008","","","","","","","","","","","0","",
"Line6","1","NXT6","4","0","Original setup","","","","","Variable","'09","41009","","","","","","","","","","","0","",
"Line6","1","NXT6","4","0","Original setup","","","46-WWG000-09G01JR","KT-2400-380","Variable","'10","41010","C:\Users\asus\Downloads\d10\50GTU4-lot 1--test4;02;Top;MODEL1;[Top] Line6;Original setup\Images\46-WWG000-09G01JR.bmp","CON-2","E2412","","","","Emboss","24mm","12","4","2","0",
"Line6","1","NXT6","4","0","Original setup","","","","","Variable","'11","41011","","","","","","","","","","","0","",
"Line6","1","NXT6","4","0","Original setup","","","","","Variable","'12","41012","","","","","","","","","","","0","",
"Line6","1","NXT6","4","0","Original setup","","","46-WT250W-D02S1JR","KT-2400-380","Variable","'13","41013","C:\Users\asus\Downloads\d10\50GTU4-lot 1--test4;02;Top;MODEL1;[Top] Line6;Original setup\Images\46-WT250W-D02S1JR.bmp","CON-SIP2H","E2416","","","","Emboss","24mm","16","6","2","0",
"Line6","1","NXT6","4","0","Original setup","","","","","Variable","'14","41014","","","","","","","","","","","0","",
"Line6","1","NXT6","4","0","Original setup","","","","","Variable","'15","41015","","","","","","","","","","","0","",
"Line6","1","NXT6","4","0","Original setup","","","33-MTL010-MT01JR","KT-1600F-380","Variable","'16","41016","C:\Users\asus\Downloads\d10\50GTU4-lot 1--test4;02;Top;MODEL1;[Top] Line6;Original setup\Images\33-MTL010-MT01JR.bmp","L-7X6.5X2.5","E1612","","","","Emboss","16mm","12","3","2","0",
"Line6","1","NXT6","4","0","Original setup","","","","","Variable","'17","41017","","","","","","","","","","","0","",
"Line6","1","NXT6","4","0","Original setup","","","","","Variable","'18","41018","","","","","","","","","","","0","",
"Line6","1","NXT6","4","0","Original setup","","","","","Variable","'19","41019","","","","","","","","","","","0","",
"Line6","1","NXT6","4","0","Original setup","","","","","Variable","'20","41020","","","","","","","","","","","0","",
"Line6","1","NXT6","4","0","Original setup","","","33-RTL100-MT01JR","KT-1200F-180","Variable","'21","41021","C:\Users\asus\Downloads\d10\50GTU4-lot 1--test4;02;Top;MODEL1;[Top] Line6;Original setup\Images\33-RTL100-MT01JR.bmp","L-5x5x4.5","E1208","","","","Emboss","12mm","8","4","2","0",
"Line6","1","NXT6","4","0","Original setup","","","","","Variable","'22","41022","","","","","","","","","","","0","",
"Line6","1","NXT6","4","0","Original setup","","","33-QTL229-MT01JR","KT-1200F-180","Variable","'23","41023","C:\Users\asus\Downloads\d10\50GTU4-lot 1--test4;02;Top;MODEL1;[Top] Line6;Original setup\Images\33-QTL229-MT01JR.bmp","L-4X4X2.5","E1208","","","","Emboss","12mm","8","1.75","2","0",
"Line6","1","NXT6","4","0","Original setup","","","","","Variable","'24","41024","","","","","","","","","","","0","",
"Line6","1","NXT6","4","0","Original setup","","","13-VDSTI8-036B00JR","KT-1200F-180","Variable","'25","41025","C:\Users\asus\Downloads\d10\50GTU4-lot 1--test4;02;Top;MODEL1;[Top] Line6;Original setup\Images\13-VDSTI8-036B00JR.bmp","SOP8 5x3.9x1.5 P1.27","E1208","","","","Emboss","12mm","8","1.5","2","0",
"Line6","1","NXT6","4","0","Original setup","","","","","Variable","'26","41026","","","","","","","","","","","0","",
"Line6","1","NXT6","4","0","Original setup","","","13-VDAPL5-337KAIJR","KT-1200F-180","Variable","'27","41027","C:\Users\asus\Downloads\d10\50GTU4-lot 1--test4;02;Top;MODEL1;[Top] Line6;Original setup\Images\13-VDAPL5-337KAIJR.bmp","SOP8 5x3.9x1.5 P1.27","E1208","","","","Emboss","12mm","8","1.5","2","0",
"Line6","1","NXT6","4","0","Original setup","","","","","Variable","'28","41028","","","","","","","","","","","0","",
"Line6","1","NXT6","4","0","Original setup","","","13-VDAF11-17A18LJR","KT-1200F-180","Variable","'29","41029","C:\Users\asus\Downloads\d10\50GTU4-lot 1--test4;02;Top;MODEL1;[Top] Line6;Original setup\Images\13-VDAF11-17A18LJR.bmp","SOT-223","E1208","","","","Emboss","12mm","8","1.6","2","0",
"Line6","1","NXT6","4","0","Original setup","","","","","Variable","'30","41030","","","","","","","","","","","0","",
"Line6","1","NXT6","4","0","Original setup","","","13-TU0RT7-200000JR","KT-1200F-180","Variable","'31","41031","C:\Users\asus\Downloads\d10\50GTU4-lot 1--test4;02;Top;MODEL1;[Top] Line6;Original setup\Images\13-TU0RT7-200000JR.bmp","QFN20 4X4","E1208","","","","Emboss","12mm","8","0.75","2","0",
"Line6","1","NXT6","4","0","Original setup","","","","","Variable","'32","41032","","","","","","","","","","","0","",
"Line6","1","NXT6","4","0","Original setup","","","13-00R842-00BJR","KT-1200F-180","Variable","'33","41033","C:\Users\asus\Downloads\d10\50GTU4-lot 1--test4;02;Top;MODEL1;[Top] Line6;Original setup\Images\13-00R842-00BJR.bmp","QFN24 4X4","E1208","","","","Emboss","12mm","8","0.75","2","0",
"Line6","1","NXT6","4","0","Original setup","","","","","Variable","'34","41034","","","","","","","","","","","0","",
"Line6","1","NXT6","4","0","Original setup","","","09-ET00M7-00000JR","KT-1200F-180","Variable","'35","41035","C:\Users\asus\Downloads\d10\50GTU4-lot 1--test4;02;Top;MODEL1;[Top] Line6;Original setup\Images\09-ET00M7-00000JR.bmp","SMA","E1204","","","","Emboss","12mm","4","2.1","2","0",
"Line6","1","NXT6","4","0","Original setup","","","","","Variable","'36","41036","","","","","","","","","","","0","",
"Line6","1","NXT6","4","0","Original setup","","","28-AF0226-MS01JR","KT-0800F-180","Variable","'37","41037","C:\Users\asus\Downloads\d10\50GTU4-lot 1--test4;02;Top;MODEL1;[Top] Line6;Original setup\Images\28-AF0226-MS01JR.bmp","C-0603","E0804","","","","Emboss","8mm","4","0.67","46","0",
"Line6","1","NXT6","4","0","Original setup","","","28-BC0106-KBXJR","KT-0800F-180","Variable","'38","41038","C:\Users\asus\Downloads\d10\50GTU4-lot 1--test4;02;Top;MODEL1;[Top] Line6;Original setup\Images\28-BC0106-KBXJR.bmp","C-0805","E0804","","","","Emboss","8mm","4","0.87","10","0",
"Line6","1","NXT6","4","0","Original setup","","","33-VLN121-NTXJR","KT-0800F-180","Variable","'39","41039","C:\Users\asus\Downloads\d10\50GTU4-lot 1--test4;02;Top;MODEL1;[Top] Line6;Original setup\Images\33-VLN121-NTXJR.bmp","C-0402","P0802","","","","Paper","8mm","2","0.49","12","0",
"Line6","1","NXT6","4","0","Original setup","","","19-AB0000-JTXJR","KT-0800F-180","Variable","'40","41040","C:\Users\asus\Downloads\d10\50GTU4-lot 1--test4;02;Top;MODEL1;[Top] Line6;Original setup\Images\19-AB0000-JTXJR.bmp","R-0603","P0804","","","","Paper","8mm","4","0.49","10","0",
"Line6","1","NXT6","4","0","Original setup","","","19-BC0000-JTAJR","KT-0800F-180","Variable","'41","41041","C:\Users\asus\Downloads\d10\50GTU4-lot 1--test4;02;Top;MODEL1;[Top] Line6;Original setup\Images\19-BC0000-JTAJR.bmp","R-0805","P0804","","","","Paper","8mm","4","0.53","4","0",
"Line6","1","NXT6","4","0","Original setup","","","12-NPLBT3-90402JR","KT-0800F-180","Variable","'42","41042","C:\Users\asus\Downloads\d10\50GTU4-lot 1--test4;02;Top;MODEL1;[Top] Line6;Original setup\Images\12-NPLBT3-90402JR.bmp","SOT-23","E0804","","","","Emboss","8mm","4","1.15","8","0",
"Line6","1","NXT6","4","0","Original setup","","","12-NML2N7-00200JR","KT-0800F-180","Variable","'43","41043","C:\Users\asus\Downloads\d10\50GTU4-lot 1--test4;02;Top;MODEL1;[Top] Line6;Original setup\Images\12-NML2N7-00200JR.bmp","SOT-23-7","E0804","","","","Emboss","8mm","4","1.15","8","0",
"Line6","1","NXT6","4","0","Original setup","","","33-GCL600-DT01JR","KT-0800F-180","Variable","'44","41044","C:\Users\asus\Downloads\d10\50GTU4-lot 1--test4;02;Top;MODEL1;[Top] Line6;Original setup\Images\33-GCL600-DT01JR.bmp","filtre LC4 1206 x 1.5","E0804","","","","Emboss","8mm","4","1.5","4","0",
"Line6","1","NXT6","4","0","Original setup","","","28-BD0106-MS01JR","KT-0800F-180","Variable","'45","41045","C:\Users\asus\Downloads\d10\50GTU4-lot 1--test4;02;Top;MODEL1;[Top] Line6;Original setup\Images\28-BD0106-MS01JR.bmp","C-0805","E0804","","","","Emboss","8mm","4","0.87","18","0",
"Line6","1","NXT6","5","0","Original setup","","","","","Variable","'01","51001","","","","","","","","","","","0","",
"Line6","1","NXT6","5","0","Original setup","","","","","Variable","'02","51002","","","","","","","","","","","0","",
"Line6","1","NXT6","5","0","Original setup","","","","","Variable","'03","51003","","","","","","","","","","","0","",
"Line6","1","NXT6","5","0","Original setup","","","46-WWH000-60G01JR","KT-5600-380","Variable","'04","51004","C:\Users\asus\Downloads\d10\50GTU4-lot 1--test4;02;Top;MODEL1;[Top] Line6;Original setup\Images\46-WWH000-60G01JR.bmp","FFC60-LVDS","E5612","","","","Emboss","56mm","12","2","2","0",
"Line6","1","NXT6","5","0","Original setup","","","","","Variable","'05","51005","","","","","","","","","","","0","",
"Line6","1","NXT6","5","0","Original setup","","","","","Variable","'06","51006","","","","","","","","","","","0","",
"Line6","1","NXT6","5","0","Original setup","","","","","Variable","'07","51007","","","","","","","","","","","0","",
"Line6","1","NXT6","5","0","Original setup","","","","","Variable","'08","51008","","","","","","","","","","","0","",
"Line6","1","NXT6","5","0","Original setup","","","46-WWH000-24G01JR","KT-3200-380","Variable","'09","51009","C:\Users\asus\Downloads\d10\50GTU4-lot 1--test4;02;Top;MODEL1;[Top] Line6;Original setup\Images\46-WWH000-24G01JR.bmp","CON-WIFI-24","E3212","","","","Emboss","32mm","12","2","2","0",
"Line6","1","NXT6","5","0","Original setup","","","","","Variable","'10","51010","","","","","","","","","","","0","",
"Line6","1","NXT6","5","0","Original setup","","","","","Variable","'11","51011","","","","","","","","","","","0","",
"Line6","1","NXT6","5","0","Original setup","","","","","Variable","'12","51012","","","","","","","","","","","0","",
"Line6","1","NXT6","5","0","Original setup","","","47-EAR024-21XS1JR","KT-2400-380","Variable","'13","51013","C:\Users\asus\Downloads\d10\50GTU4-lot 1--test4;02;Top;MODEL1;[Top] Line6;Original setup\Images\47-EAR024-21XS1JR.bmp","CON-EARPH","E2412","","","","Emboss","24mm","12","6","2","0",
"Line6","1","NXT6","5","0","Original setup","","","","","Variable","'14","51014","","","","","","","","","","","0","",
"Line6","1","NXT6","5","0","Original setup","","","","","Variable","'15","51015","","","","","","","","","","","0","",
"Line6","1","NXT6","5","0","Original setup","","","46-WWH000-09G01JR","KT-2400-380","Variable","'16","51016","C:\Users\asus\Downloads\d10\50GTU4-lot 1--test4;02;Top;MODEL1;[Top] Line6;Original setup\Images\46-WWH000-09G01JR.bmp","CON-WIFI-2","E2416","","","","Emboss","24mm","16","6","2","0",
"Line6","1","NXT6","5","0","Original setup","","","","","Variable","'17","51017","","","","","","","","","","","0","",
"Line6","1","NXT6","5","0","Original setup","","","","","Variable","'18","51018","","","","","","","","","","","0","",
"Line6","1","NXT6","5","0","Original setup","","","46-WT250W-D02S0JR","KT-2400-380","Variable","'19","51019","C:\Users\asus\Downloads\d10\50GTU4-lot 1--test4;02;Top;MODEL1;[Top] Line6;Original setup\Images\46-WT250W-D02S0JR.bmp","CON-SIP2H-R","E2416","","","","Emboss","24mm","16","6","2","0",
"Line6","1","NXT6","5","0","Original setup","","","","","Variable","'20","51020","","","","","","","","","","","0","",
"Line6","1","NXT6","5","0","Original setup","","","","","Variable","'21","51021","","","","","","","","","","","0","",
"Line6","1","NXT6","5","0","Original setup","","","47-HDI001-XSIJR","KT-2400-380","Variable","'22","51022","C:\Users\asus\Downloads\d10\50GTU4-lot 1--test4;02;Top;MODEL1;[Top] Line6;Original setup\Images\47-HDI001-XSIJR.bmp","HDMI-19P","E2420","","","","Emboss","24mm","20","6","6","0",
"Line6","1","NXT6","5","0","Original setup","","","","","Variable","'23","51023","","","","","","","","","","","0","",
"Line6","1","NXT6","5","0","Original setup","","","","","Variable","'24","51024","","","","","","","","","","","0","",
"Line6","1","NXT6","5","0","Original setup","","","","","Variable","'25","51025","","","","","","","","","","","0","",
"Line6","1","NXT6","5","0","Original setup","","","13-PMAD82-120BQGJR","KT-1600F-380","Variable","'26","51026","C:\Users\asus\Downloads\d10\50GTU4-lot 1--test4;02;Top;MODEL1;[Top] Line6;Original setup\Images\13-PMAD82-120BQGJR.bmp","SOP28","E1608","","","","Emboss","16mm","8","1","2","0",
"Line6","1","NXT6","5","0","Original setup","","","","","Variable","'27","51027","","","","","","","","","","","0","",
"Line6","1","NXT6","5","0","Original setup","","","54-EF3020-0003E0JR","KT-1200F-180","Variable","'28","51028","C:\Users\asus\Downloads\d10\50GTU4-lot 1--test4;02;Top;MODEL1;[Top] Line6;Original setup\Images\54-EF3020-0003E0JR.bmp","GASKET","E1204","","","","Emboss","12mm","4","2.6","6","0",
"Line6","1","NXT6","5","0","Original setup","","","","","Variable","'29","51029","","","","","","","","","","","0","",
"Line6","1","NXT6","5","0","Original setup","","","09-ST0SS1-40000JR","KT-1200F-180","Variable","'30","51030","C:\Users\asus\Downloads\d10\50GTU4-lot 1--test4;02;Top;MODEL1;[Top] Line6;Original setup\Images\09-ST0SS1-40000JR.bmp","SMA","E1204","","","","Emboss","12mm","4","2.1","4","0",
"Line6","1","NXT6","5","0","Original setup","","","","","Variable","'31","51031","","","","","","","","","","","0","",
"Line6","1","NXT6","5","0","Original setup","","","33-NTL479-MT01JR","KT-1200F-180","Variable","'32","51032","C:\Users\asus\Downloads\d10\50GTU4-lot 1--test4;02;Top;MODEL1;[Top] Line6;Original setup\Images\33-NTL479-MT01JR.bmp","L-5.8x5.2x4.5","E1208","","","","Emboss","12mm","8","4.5","6","0",
"Line6","1","NXT6","5","0","Original setup","","","","","Variable","'33","51033","","","","","","","","","","","0","",
"Line6","1","NXT6","5","0","Original setup","","","33-NTL229-MT01JR","KT-1600F-380","Variable","'34","51034","C:\Users\asus\Downloads\d10\50GTU4-lot 1--test4;02;Top;MODEL1;[Top] Line6;Original setup\Images\33-NTL229-MT01JR.bmp","L-6X6X4.5","E1608","","","","Emboss","16mm","8","4.5","2","0",
"Line6","1","NXT6","5","0","Original setup","","","","","Variable","'35","51035","","","","","","","","","","","0","",
"Line6","1","NXT6","5","0","Original setup","","","13-VDMP87-70GQZ0JR","KT-1200F-180","Variable","'36","51036","C:\Users\asus\Downloads\d10\50GTU4-lot 1--test4;02;Top;MODEL1;[Top] Line6;Original setup\Images\13-VDMP87-70GQZ0JR.bmp","QFN16 3X3","E1208","","","","Emboss","12mm","8","0.9","2","0",
"Line6","1","NXT6","5","0","Original setup","","","","","Variable","'37","51037","","","","","","","","","","","0","",
"Line6","1","NXT6","5","0","Original setup","","","12-PMWM03-P91AJR","KT-1200F-180","Variable","'38","51038","C:\Users\asus\Downloads\d10\50GTU4-lot 1--test4;02;Top;MODEL1;[Top] Line6;Original setup\Images\12-PMWM03-P91AJR.bmp","SOP8 5x3.9x1.5 P1.27","E1208","","","","Emboss","12mm","8","1.5","2","0",
"Line6","1","NXT6","5","0","Original setup","","","","","Variable","'39","51039","","","","","","","","","","","0","",
"Line6","1","NXT6","5","0","Original setup","","","28-RC0221-MAX11JR","KT-1600F-380","Variable","'40","51040","C:\Users\asus\Downloads\d10\50GTU4-lot 1--test4;02;Top;MODEL1;[Top] Line6;Original setup\Images\28-RC0221-MAX11JR.bmp","L-6X6X6","E1612","","","","Emboss","16mm","12","8.5","2","0",
"Line6","1","NXT6","5","0","Original setup","","","","","Variable","'41","51041","","","","","","","","","","","0","",
"Line6","1","NXT6","5","0","Original setup","","","23-G08820-JB01JR","KT-0800F-180","Fixed","'42","51042","C:\Users\asus\Downloads\d10\50GTU4-lot 1--test4;02;Top;MODEL1;[Top] Line6;Original setup\Images\23-G08820-JB01JR.bmp","RA-0402","P0802","","","","Paper","8mm","2","0.57","10","0",
"Line6","1","NXT6","5","0","Original setup","","","19-GA4022-FTX01JR","KT-0800F-180","Variable","'43","51043","C:\Users\asus\Downloads\d10\50GTU4-lot 1--test4;02;Top;MODEL1;[Top] Line6;Original setup\Images\19-GA4022-FTX01JR.bmp","R-0402","P0802","","","","Paper","8mm","2","0.33","2","0",
"Line6","1","NXT6","5","0","Original setup","","","28-HB0102-KRXJR","KT-0800F-180","Variable","'44","51044","C:\Users\asus\Downloads\d10\50GTU4-lot 1--test4;02;Top;MODEL1;[Top] Line6;Original setup\Images\28-HB0102-KRXJR.bmp","C-0402","P0802","","","","Paper","8mm","2","0.49","32","0",
"Line6","1","NXT6","5","0","Original setup","","","19-GA0272-FTXJR","KT-0800F-180","Variable","'45","51045","C:\Users\asus\Downloads\d10\50GTU4-lot 1--test4;02;Top;MODEL1;[Top] Line6;Original setup\Images\19-GA0272-FTXJR.bmp","R-0402","P0802","","","","Paper","8mm","2","0.33","2","0",
"Line6","1","NXT6","6","0","Original setup","","","","","Variable","'39","61039","","","","","","","","","","","0","",
"Line6","1","NXT6","6","0","Original setup","","","28-RC4706-MA01JR","KT-2400-380","Variable","'40","61040","C:\Users\asus\Downloads\d10\50GTU4-lot 1--test4;02;Top;MODEL1;[Top] Line6;Original setup\Images\28-RC4706-MA01JR.bmp","L-8.4X8X10","E2416","","","","Emboss","24mm","16","10","2","0",
"Line6","1","NXT6","6","0","Original setup","","","","","Variable","'41","61041","","","","","","","","","","","0","",
"Line6","1","NXT6","6","0","Original setup","","","","","Variable","'42","61042","","","","","","","","","","","0","",
"Line6","1","NXT6","6","0","Original setup","","","","","Variable","'43","61043","","","","","","","","","","","0","",
"Line6","1","NXT6","6","0","Original setup","","","28-RD4706-MA01JR","KT-2400-380","Variable","'44","61044","C:\Users\asus\Downloads\d10\50GTU4-lot 1--test4;02;Top;MODEL1;[Top] Line6;Original setup\Images\28-RD4706-MA01JR.bmp","L-10X10X4","E2416","","","","Emboss","24mm","16","3.5","2","0",
"Line6","1","NXT6","6","0","Original setup","","","","","Variable","'45","61045","","","","","","","","","","","0","",
"Line6","1","NXT6","6","0","Original setup","","","13-FHKLMA-G1JETDJR","","Variable","'A-01-01","61901","C:\Users\asus\Downloads\d10\50GTU4-lot 1--test4;02;Top;MODEL1;[Top] Line6;Original setup\Images\13-FHKLMA-G1JETDJR.bmp","EMMC  11.5X13X0.8 P0.5","BGA 11.5X13 8X14","","","","Tray","8mm","2","0.8","2","0",
"Line6","1","NXT6","6","0","Original setup","","","","","Variable","'A-01-02","61902","","","","","","","","","","","0","",
"Line6","1","NXT6","6","0","Original setup","","","","","Variable","'A-02-01","61903","","","","","","","","","","","0","",
"Line6","1","NXT6","6","0","Original setup","","","","","Variable","'A-02-02","61904","","","","","","","","","","","0","",
"Line6","1","NXT6","6","0","Original setup","","","13-DRK4A8-G165WC0","","Fixed","'A-03-01","61905","C:\Users\asus\Downloads\d10\50GTU4-lot 1--test4;02;Top;MODEL1;[Top] Line6;Original setup\Images\13-DRK4A8-G165WC0.bmp","DDR4  5X13.3X0.8","DDR4-7.5X13.3--8X14","","","","Tray","8mm","2","0.8","2","0",
"Line6","1","NXT6","6","0","Original setup","","","","","Variable","'A-03-02","61906","","","","","","","","","","","0","",
"Line6","1","NXT6","6","0","Original setup","","","","","Variable","'A-04-01","61907","","","","","","","","","","","0","",
"Line6","1","NXT6","6","0","Original setup","","","","","Variable","'A-04-02","61908","","","","","","","","","","","0","",
"Line6","1","NXT6","6","0","Original setup","","","13-MNRTD2-875PNJ0","","Variable","'A-05-01","61909","C:\Users\asus\Downloads\d10\50GTU4-lot 1--test4;02;Top;MODEL1;[Top] Line6;Original setup\Images\13-MNRTD2-875PNJ0.bmp","BGA GTU4","BGA 22.1 X22.1 5X12","","","","Tray","8mm","2","0.8","2","0",
"Line6","1","NXT6","6","0","Original setup","","","","","Variable","'A-05-02","61910","","","","","","","","","","","0","",
"Line6","1","NXT6","6","0","Original setup","","","","","Variable","'A-06-01","61911","","","","","","","","","","","0","",
"Line6","1","NXT6","6","0","Original setup","","","","","Variable","'A-06-02","61912","","","","","","","","","","","0","",
"Line6","1","NXT6","6","0","Original setup","","","13-DR4G16-5WFBCWE","","Variable","'A-07-01","61913","C:\Users\asus\Downloads\d10\50GTU4-lot 1--test4;02;Top;MODEL1;[Top] Line6;Original setup\Images\13-DR4G16-5WFBCWE.bmp","DDR4  5X13.3X0.8","DDR4-7.5X13.3--8X14","","","","Tray","8mm","2","0.8","4","0",
"Line6","1","NXT6","6","0","Original setup","","","","","Variable","'A-07-02","61914","","","","","","","","","","","0","",
"Line6","1","NXT6","6","0","Original setup","","","","","Variable","'A-08-01","61915","","","","","","","","","","","0","",
"Line6","1","NXT6","6","0","Original setup","","","","","Variable","'A-08-02","61916","","","","","","","","","","","0","",
"Line6","1","NXT6","6","0","Original setup","","","","","Variable","'A-09-01","61917","","","","","","","","","","","0","",
"Line6","1","NXT6","6","0","Original setup","","","","","Variable","'A-09-02","61918","","","","","","","","","","","0","",
"Line6","1","NXT6","6","0","Original setup","","","","","Variable","'A-10-01","61919","","","","","","","","","","","0","",
"Line6","1","NXT6","6","0","Original setup","","","","","Variable","'A-10-02","61920","","","","","","","","","","","0","",
"Line6","1","NXT6","6","0","Original setup","","","","","Variable","'A-11-01","61921","","","","","","","","","","","0","",
"Line6","1","NXT6","6","0","Original setup","","","","","Variable","'A-11-02","61922","","","","","","","","","","","0","",
"Line6","1","NXT6","6","0","Original setup","","","","","Variable","'A-12-01","61923","","","","","","","","","","","0","",
"Line6","1","NXT6","6","0","Original setup","","","","","Variable","'A-12-02","61924","","","","","","","","","","","0","",
"Line6","1","NXT6","6","0","Original setup","","","13-FHKLMA-G1JETDJR","","Variable","'B-01-01","61925","C:\Users\asus\Downloads\d10\50GTU4-lot 1--test4;02;Top;MODEL1;[Top] Line6;Original setup\Images\13-FHKLMA-G1JETDJR.bmp","EMMC  11.5X13X0.8 P0.5","BGA 11.5X13 8X14","","","","Tray","8mm","2","0.8","0","0",
"Line6","1","NXT6","6","0","Original setup","","","","","Variable","'B-01-02","61926","","","","","","","","","","","0","",
"Line6","1","NXT6","6","0","Original setup","","","","","Variable","'B-02-01","61927","","","","","","","","","","","0","",
"Line6","1","NXT6","6","0","Original setup","","","","","Variable","'B-02-02","61928","","","","","","","","","","","0","",
"Line6","1","NXT6","6","0","Original setup","","","13-DRK4A8-G165WC0","","Variable","'B-03-01","61929","C:\Users\asus\Downloads\d10\50GTU4-lot 1--test4;02;Top;MODEL1;[Top] Line6;Original setup\Images\13-DRK4A8-G165WC0.bmp","DDR4  5X13.3X0.8","DDR4-7.5X13.3--8X14","","","","Tray","8mm","2","0.8","0","0",
"Line6","1","NXT6","6","0","Original setup","","","","","Variable","'B-03-02","61930","","","","","","","","","","","0","",
"Line6","1","NXT6","6","0","Original setup","","","","","Variable","'B-04-01","61931","","","","","","","","","","","0","",
"Line6","1","NXT6","6","0","Original setup","","","","","Variable","'B-04-02","61932","","","","","","","","","","","0","",
"Line6","1","NXT6","6","0","Original setup","","","13-MNRTD2-875PNJ0","","Variable","'B-05-01","61933","C:\Users\asus\Downloads\d10\50GTU4-lot 1--test4;02;Top;MODEL1;[Top] Line6;Original setup\Images\13-MNRTD2-875PNJ0.bmp","BGA GTU4","BGA 22.1 X22.1 5X12","","","","Tray","8mm","2","0.8","0","0",
"Line6","1","NXT6","6","0","Original setup","","","","","Variable","'B-05-02","61934","","","","","","","","","","","0","",
"Line6","1","NXT6","6","0","Original setup","","","","","Variable","'B-06-01","61935","","","","","","","","","","","0","",
"Line6","1","NXT6","6","0","Original setup","","","","","Variable","'B-06-02","61936","","","","","","","","","","","0","",
"Line6","1","NXT6","6","0","Original setup","","","13-DR4G16-5WFBCWE","","Variable","'B-07-01","61937","C:\Users\asus\Downloads\d10\50GTU4-lot 1--test4;02;Top;MODEL1;[Top] Line6;Original setup\Images\13-DR4G16-5WFBCWE.bmp","DDR4  5X13.3X0.8","DDR4-7.5X13.3--8X14","","","","Tray","8mm","2","0.8","0","0",
"Line6","1","NXT6","6","0","Original setup","","","","","Variable","'B-07-02","61938","","","","","","","","","","","0","",
"Line6","1","NXT6","6","0","Original setup","","","","","Variable","'B-08-01","61939","","","","","","","","","","","0","",
"Line6","1","NXT6","6","0","Original setup","","","","","Variable","'B-08-02","61940","","","","","","","","","","","0","",
"Line6","1","NXT6","6","0","Original setup","","","","","Variable","'B-09-01","61941","","","","","","","","","","","0","",
"Line6","1","NXT6","6","0","Original setup","","","","","Variable","'B-09-02","61942","","","","","","","","","","","0","",
"Line6","1","NXT6","6","0","Original setup","","","","","Variable","'B-10-01","61943","","","","","","","","","","","0","",
"Line6","1","NXT6","6","0","Original setup","","","","","Variable","'B-10-02","61944","","","","","","","","","","","0","",
"Line6","1","NXT6","6","0","Original setup","","","","","Variable","'B-11-01","61945","","","","","","","","","","","0","",
"Line6","1","NXT6","6","0","Original setup","","","","","Variable","'B-11-02","61946","","","","","","","","","","","0","",
"Line6","1","NXT6","6","0","Original setup","","","","","Variable","'B-12-01","61947","","","","","","","","","","","0","",
"Line6","1","NXT6","6","0","Original setup","","","","","Variable","'B-12-02","61948","","","","","","","","","","","0","",
TotalSlots,PlacedParts
280,161
